subreddit,mean_compound,median_compound,std_compound,n_comments
politics,-0.0679896827109864,0.0,0.49771495666131604,4633
news,-0.02956420168067227,0.0,0.49051388452962735,2380
worldnews,0.004695223201592266,0.0,0.4861496705351925,3517
climate,0.01217709172980816,0.0,0.49908562980504667,6203
climateskeptics,0.014428803827751198,0.0,0.5223101984285627,2090
changemyview,0.017446233766233766,0.0,0.6220868515245085,11165
canada,0.018010139992432842,0.0,0.49917582894352697,2643
ClimateShitposting,0.04672443471918308,0.0,0.4913748617894158,2742
unitedkingdom,0.047518417849898575,0.0,0.49932050014026125,2465
conspiracy,0.0483489340271949,0.0,0.4977181680057373,11914
europe,0.05127100802854594,0.0,0.48233597770124914,4484
climatechange,0.08262874894097712,0.0,0.5130884521170848,7082
energy,0.08553016502697557,0.0,0.4946196039707906,6302
science,0.08570711111111111,0.0,0.4855620802249951,2925
Futurology,0.09845558833738285,0.0,0.5341830327433988,5762
