subreddit,mean_compound,median_compound,std_compound,n_comments
politics,-0.0639723936973883,0.0,0.49837006003559964,4633
news,-0.022305798319327733,0.0,0.493747160552856,2380
worldnews,0.01122118282627239,0.0,0.48473564586716167,3517
climate,0.016528453973883604,0.0,0.5005427283881541,6203
changemyview,0.020815575459023735,0.0,0.6234454058214716,11165
canada,0.02502069617858494,0.0,0.5017733984258955,2643
climateskeptics,0.026088468899521534,0.0,0.5277118913152966,2090
unitedkingdom,0.05093569979716024,0.0,0.4981113397149328,2465
ClimateShitposting,0.051895550692924876,0.0,0.4947578862506325,2742
conspiracy,0.057766400872922605,0.0,0.49960862871555345,11914
europe,0.058318800178412136,0.0,0.4850774456990654,4484
climatechange,0.08810663654334933,0.0,0.5124402993128556,7082
energy,0.09035122183433832,0.0,0.49486875825942056,6302
science,0.09068092307692308,0.0,0.4834824618625751,2925
Futurology,0.10192563346060395,0.0,0.5339529548607278,5762
