subreddit,mean_compound,median_compound,std_compound,n_comments
politics,-0.07204836,0.0,0.4953937652795464,5000
news,-0.03346352,0.0,0.4918428334252393,5000
worldnews,-0.00413276,0.0,0.49034573020452493,5000
climateskeptics,0.00739298,0.0,0.5219399933824368,5000
changemyview,0.00889752,0.0,0.6256627596458112,5000
canada,0.01786388,0.0,0.4970309859792945,5000
ClimateShitposting,0.02191428,0.0,0.5005681354578305,5000
climate,0.02209804,0.0,0.494063948352003,5000
conspiracy,0.04148218,0.0,0.49590199605807883,5000
unitedkingdom,0.06664044,0.0,0.5007332957206803,5000
europe,0.07150628,0.0,0.48070019296403904,5000
science,0.07342638,0.0,0.4965957062411906,5000
energy,0.07870914,0.0,0.4957395734853182,5000
climatechange,0.08305594,0.0,0.5133160331751765,5000
Futurology,0.0903297,0.0,0.5293991205259722,5000
