subreddit,controversy_rate,n_controversial,n_total
europe,0.08743669534443835,2866,32778
science,0.07168020354242098,1465,20438
worldnews,0.06656145196291181,1687,25345
changemyview,0.04898255450153931,3914,79906
Futurology,0.04895345973898055,1988,40610
news,0.0350762267746546,589,16792
climate,0.016016744778632207,704,43954
energy,0.014953354461456054,670,44806
politics,0.01405117143028342,469,33378
climatechange,0.012884083079435251,647,50217
